-- =============================================================================
-- 生产库初始化脚本（从 dev 库 2026-05-02 全量导出）
-- 表：sources(20) / marathons(37) / marathon_editions(41) / marathon_sources(45)
-- 用法：psql "$PROD_DATABASE_URL" -f docs/数据库变更/2026-05-02c-prod-initial-seed.sql
-- 幂等：基于 (canonical_name)/(name)/(marathon_id,year)/(marathon_id,source_id) 的 ON CONFLICT 处理
-- 假设：prod 库已存在 schema（marathons/marathon_editions/sources/marathon_sources 等表）
-- =============================================================================

BEGIN;

-- 1) sources
INSERT INTO sources ("id", "name", "type", "strategy", "base_url", "priority", "is_active", "retry_max", "retry_backoff_seconds", "request_timeout_ms", "min_interval_seconds", "notes", "config", "last_run_at", "created_at", "updated_at") VALUES
  ('e322201e-3b2b-4a5e-ab7b-505b0a1805fc', '芝华安方体育', 'platform', 'HTML', 'https://www.zhihuianfang.com', 86, FALSE, 3, 30, 15000, 0, '第一层核心数据源；专业赛事运营公司', NULL, NULL, '2026-03-07T02:54:45.237867+00:00', '2026-03-07T02:54:45.237+00:00'),
  ('ca3aa798-c034-4f8f-b8b8-a3fd4745ba67', '42旅（42travel）', 'platform', 'HTML', 'https://www.42travel.com', 75, FALSE, 3, 30, 15000, 0, '第二层补充数据源；国内外赛事聚合', NULL, NULL, '2026-03-07T02:54:45.240161+00:00', '2026-03-07T02:54:45.239+00:00'),
  ('24bdb34b-d1a2-4e49-aef6-9a89e3efc5ff', '悦跑圈（JoyRun）', 'platform', 'HTML', 'https://www.thejoyrun.com', 70, FALSE, 3, 30, 15000, 0, '第二层补充数据源；跑步APP+赛事信息', NULL, NULL, '2026-03-07T02:54:45.24236+00:00', '2026-03-07T02:54:45.241+00:00'),
  ('8f25b2a4-907f-4279-ad63-696e5f3e30f7', 'Google 搜索', 'search', 'API', 'https://www.google.com/search', 40, FALSE, 3, 30, 15000, 0, '第三层发现数据源；用于发现新增/小型赛事', NULL, NULL, '2026-03-07T02:54:45.244778+00:00', '2026-03-07T02:54:45.244+00:00'),
  ('2ae962a6-1b52-41d4-88ca-f219872409ff', 'Bing 搜索', 'search', 'API', 'https://www.bing.com/search', 40, FALSE, 3, 30, 15000, 0, '第三层发现数据源；用于发现新增/小型赛事', NULL, NULL, '2026-03-07T02:54:45.247655+00:00', '2026-03-07T02:54:45.247+00:00'),
  ('04aeb2d0-d586-49e1-b6be-deafdf9cfdd4', '社交媒体与跑步社区', 'social', 'HTML', NULL, 30, FALSE, 3, 30, 15000, 0, '第三层发现数据源；公众号/微博/小红书/抖音等', NULL, NULL, '2026-03-07T02:54:45.249978+00:00', '2026-03-07T02:54:45.249+00:00'),
  ('a7aecebb-9cb6-4c73-8b15-78cbc4333d2a', '上海马拉松官网', 'official', 'HTML', 'https://www.shang-ma.com', 95, TRUE, 3, 30, 15000, 0, '第一层核心数据源；官网示例来源于数据源调研报告', NULL, '2026-05-02T14:44:12.276+00:00', '2026-03-07T02:54:45.210932+00:00', '2026-05-02T14:44:12.276+00:00'),
  ('2a21f264-906d-4120-a053-23bc02cb761f', '赛事官方网站（直采）', 'official', 'HTML', NULL, 100, TRUE, 3, 30, 15000, 0, '第一层核心数据源；按赛事官网直采，数据权威性最高', '{"extract":{"raceDate":{"attr":"text","group":1,"regex":"((January|February|March|April|May|June|July|August|September|October|November|December)\\\\s+\\\\d{1,2},\\\\s+20\\\\d{2})","selector":".race-date p, .race-date, .event-date, .simple-date, .component-hero-banner-subheading, .countdown-section-header h3, body"}}}'::jsonb, '2026-05-02T15:07:54.015+00:00', '2026-03-07T02:54:45.205257+00:00', '2026-05-02T15:07:54.015+00:00'),
  ('575c8df8-ef99-4ece-9aa2-cba243352478', '最酷体育（Zuicool）', 'platform', 'HTML', 'https://www.zuicool.com', 90, TRUE, 3, 30, 15000, 0, '第一层核心数据源；国内主流马拉松报名平台。提供直接报名入口 /event/{id}', NULL, NULL, '2026-03-07T02:54:45.230193+00:00', '2026-05-02T15:54:06.538586+00:00'),
  ('be031596-9f8b-4a79-a632-f990bedf4d36', '马拉马拉（Mararun）', 'platform', 'HTML', 'https://www.mararun.com', 88, TRUE, 3, 30, 15000, 0, '第一层核心数据源；北马/广马/深马/成马等顶级赛事官方指定移动端通道，赛事可使用 {city}-marathon.mararun.com 子域名', NULL, NULL, '2026-05-02T15:54:06.538586+00:00', '2026-05-02T15:54:06.538586+00:00'),
  ('a7ddec82-1cbf-4119-94c8-488d72300aee', '中国田径协会（runchina）', 'official', 'HTML', 'https://www.runchina.org.cn', 92, TRUE, 3, 30, 15000, 0, '田协权威赛历，含金/银/铜标赛事认证。所有 CHN 马拉松通用 calendar URL 可作为权威信息源', NULL, NULL, '2026-05-02T16:09:11.449049+00:00', '2026-05-02T16:09:11.449049+00:00'),
  ('2ee52e61-8cac-43ff-ade4-128b5f6c9ff8', '爱燃烧（iranshao）', 'platform', 'HTML', 'https://iranshao.com', 88, TRUE, 3, 30, 15000, 0, '跑步社区与新闻；/races/{id} 旧 URL 已失效，仅用于文章资讯发现，不作为报名链接源', NULL, NULL, '2026-03-07T02:54:45.235013+00:00', '2026-03-07T02:54:45.234+00:00'),
  ('87f26256-c60d-4080-be39-87d5ce410f52', '数字心动（Shuzixindong）', 'platform', 'HTML', 'https://www.shuzixindong.com', 91, TRUE, 3, 30, 15000, 0, '中国田协官方 APP；仅个别赛事有 {city}marathon.shuzixindong.com 子站，主体为 SPA 不可爬', NULL, NULL, '2026-05-02T16:09:11.449049+00:00', '2026-05-02T16:09:11.449049+00:00'),
  ('4817fa61-e63c-49d0-9dce-e79d3f6a33c7', '北京马拉松官网', 'official', 'HTML', 'https://www.beijing-marathon.com', 95, TRUE, 3, 30, 15000, 0, '第一层核心数据源；官网示例来源于数据源调研报告', NULL, '2026-05-02T14:44:12.276+00:00', '2026-03-07T02:54:45.208348+00:00', '2026-05-02T14:44:12.276+00:00'),
  ('bd95db3d-a7ff-48d3-afcb-abcfcf9fa107', '厦门马拉松官网', 'official', 'HTML', 'https://www.xmim.org', 95, TRUE, 3, 30, 15000, 0, '第一层核心数据源；官网示例来源于数据源调研报告', NULL, '2026-05-02T14:44:12.276+00:00', '2026-03-07T02:54:45.213653+00:00', '2026-05-02T14:44:12.276+00:00'),
  ('08054a9f-2a0c-446d-8de0-62ac95e28e42', '广州马拉松官网', 'official', 'HTML', 'https://www.gzmarathon.com', 95, TRUE, 3, 30, 15000, 0, '第一层核心数据源；官网示例来源于数据源调研报告', NULL, '2026-05-02T14:44:12.276+00:00', '2026-03-07T02:54:45.216942+00:00', '2026-05-02T14:44:12.276+00:00'),
  ('96b80fb0-5ce2-4d6e-9d5c-fc2bf1da35c6', '成都马拉松官网', 'official', 'HTML', 'https://www.chengdumarathon.com', 95, TRUE, 3, 30, 15000, 0, '第一层核心数据源；官网示例来源于数据源调研报告', NULL, '2026-05-02T14:44:12.276+00:00', '2026-03-07T02:54:45.222034+00:00', '2026-05-02T14:44:12.276+00:00'),
  ('428d546a-0204-47b1-bc22-7a69750f2677', '杭州马拉松官网', 'official', 'HTML', 'https://www.hzim.org', 95, TRUE, 3, 30, 15000, 0, '第一层核心数据源；官网示例来源于数据源调研报告', NULL, '2026-05-02T14:44:12.276+00:00', '2026-03-07T02:54:45.219521+00:00', '2026-05-02T14:44:12.276+00:00'),
  ('616e99c0-7ed3-4b9d-83c1-4866ebe2b512', '武汉马拉松官网', 'official', 'HTML', 'https://www.wuhanmarathon.com', 95, TRUE, 3, 30, 15000, 0, '第一层核心数据源；官网示例来源于数据源调研报告', NULL, '2026-05-02T14:44:12.276+00:00', '2026-03-07T02:54:45.224415+00:00', '2026-05-02T14:44:12.276+00:00'),
  ('00a3f561-e976-47d0-8d59-95bec3d20b6a', '深圳马拉松官网', 'official', 'HTML', 'https://www.szmarthon.com', 95, TRUE, 3, 30, 15000, 0, '第一层核心数据源；官网示例来源于数据源调研报告（原文URL）', NULL, '2026-05-02T14:44:12.276+00:00', '2026-03-07T02:54:45.227457+00:00', '2026-05-02T14:44:12.276+00:00')
ON CONFLICT ("name") DO UPDATE SET "type" = EXCLUDED."type", "strategy" = EXCLUDED."strategy", "base_url" = EXCLUDED."base_url", "priority" = EXCLUDED."priority", "is_active" = EXCLUDED."is_active", "retry_max" = EXCLUDED."retry_max", "retry_backoff_seconds" = EXCLUDED."retry_backoff_seconds", "request_timeout_ms" = EXCLUDED."request_timeout_ms", "min_interval_seconds" = EXCLUDED."min_interval_seconds", "notes" = EXCLUDED."notes", "config" = EXCLUDED."config", "updated_at" = NOW();

-- 2) marathons
INSERT INTO marathons ("id", "name", "canonical_name", "city", "country", "description", "website_url", "created_at", "updated_at") VALUES
  ('530aea1b-8b8c-44a1-8ac3-2ad1ac124ed6', '2026首届长兴太湖9号公路玫瑰跑嘉年华', 'changxing-taihu-rose-run-2026', '湖州', 'China', '沿太湖浪漫公路展开的花海跑，兼顾城市与自然风景。春季花瓣节式氛围，适合亲子与新手体验。', NULL, '2026-03-07T02:54:45.11847+00:00', '2026-03-07T02:54:45.087+00:00'),
  ('bf1b255b-ba40-48ac-b310-fda405d683e1', '2026上海樱花节女子10公里精英赛', 'shanghai-cherry-blossom-run-2026', '上海', 'China', '滨江公益10公里，穿越宝山新城与樱花大道。清晨日出启跑，连接企业跑团与社区的慈善氛围。', 'https://shanghai-cherry-run.example.com', '2026-03-07T02:54:45.128889+00:00', '2026-03-07T02:54:45.127+00:00'),
  ('5f97e369-e688-4b27-b6ee-138add748c67', '2026武汉空港国际商务新城半程马拉松', 'wuhan-airport-half-marathon-2026', '武汉', 'China', '环武汉空港商务区的半程马，夜色下有灯光长廊与打卡点。江边赛道深受区域跑团与航空业员工欢迎。', NULL, '2026-03-07T02:54:45.135416+00:00', '2026-03-07T02:54:45.133+00:00'),
  ('02d260f3-4073-4243-aaef-01b6e237ca98', '2026曲靖罗平花海马拉松', 'qujing-luoping-flower-sea-marathon-2026', '曲靖', 'China', '在罗平花海与山峦之间展开的高海拔全程马拉松，空气清新，坡道与花海交错。', 'http://qujing-marathon.example.com', '2026-03-07T02:54:45.140918+00:00', '2026-03-07T02:54:45.14+00:00'),
  ('f626e003-b26f-4690-9489-8c8e6076e49f', '2026重庆万州环湖马拉松', 'chongqing-wanzhou-lake-marathon-2026', '万州', 'China', '环绕万州湖泊的全程与半程双赛事，并配套当代艺术主题展。艺术周氛围浓厚，路跑与现场演出同步进行。', NULL, '2026-03-07T02:54:45.146636+00:00', '2026-03-07T02:54:45.145+00:00'),
  ('3e28c296-7eca-4d63-a681-b5dad69e32e8', '2026临平半程马拉松', 'linping-half-marathon-2026', '杭州', 'China', '贯穿临平中心区的夜半程与10公里联赛，灯光与运河交织，提供轻松节奏与能量补给。', NULL, '2026-03-07T02:54:45.151674+00:00', '2026-03-07T02:54:45.151+00:00'),
  ('37a9f526-40a8-4542-b4cc-113af3a0e59d', '2026贵州·仁怀马拉松', 'guizhou-renhuai-marathon-2026', '仁怀', 'China', '沿湿地与森林的小径展开的仁怀全程马拉松，兼顾生态观光，展示红泥土与鸟类生态。', NULL, '2026-03-07T02:54:45.157061+00:00', '2026-03-07T02:54:45.156+00:00'),
  ('03ad513a-639d-44b3-9828-bb6aa27c74eb', '2026南京溧水半程马拉松', 'nanjing-lishui-half-marathon-2026', '南京', 'China', '溧水植物园半马，穿梭湖畔与温室花房，晚春花木盛开适合俱乐部组团。', NULL, '2026-03-07T02:54:45.162661+00:00', '2026-03-07T02:54:45.162+00:00'),
  ('45c4f0e6-dbd7-4904-a874-7a5be4b5dfc5', '2026东京马拉松', 'tokyo-marathon-2026', '东京', 'Japan', '世界六大满贯之一，清晨从皇居出发穿越都市核心，沿途樱花点缀。', 'https://www.marathon.tokyo/en/', '2026-03-07T02:54:45.168409+00:00', '2026-03-07T02:54:45.167+00:00'),
  ('bb8677ed-4c8d-4928-9762-fb5e8ecbb651', '2026巴黎马拉松', 'paris-marathon-2026', '巴黎', 'France', '沿塞纳河跑过卢浮宫与凯旋门的浪漫路线，赛前暖场由巴黎街头乐队与艺术团体助威。', 'https://www.schneiderelectricparismarathon.com/en/', '2026-03-07T02:54:45.174059+00:00', '2026-03-07T02:54:45.173+00:00'),
  ('4fbae442-11de-4e20-93e4-fd0fc5076d7d', '2026波士顿马拉松', 'boston-marathon-2026', '波士顿', 'USA', '历史最悠久的马拉松，以严格的BQ资格闻名，挑战换道山与心跳山中段。', 'https://www.baa.org/races/boston-marathon', '2026-03-07T02:54:45.179341+00:00', '2026-03-07T02:54:45.178+00:00'),
  ('ad3e91c8-b48e-4fc3-9003-a8ff31be8c90', '2026柏林马拉松', 'berlin-marathon-2026', '柏林', 'Germany', '世界纪录之路，现代化城市景观与平坦路段兼具，柏林墙与广场串联赛道。', 'https://www.bmw-berlin-marathon.com/en/', '2026-03-07T02:54:45.190204+00:00', '2026-03-07T02:54:45.189+00:00'),
  ('15c99c8e-0be5-4059-b297-6e7a30a1f470', '2026芝加哥马拉松', 'chicago-marathon-2026', '芝加哥', 'USA', '湖滨大道与高楼剪影交织的平坦全马，扁平赛道配合热情沿线观众适合冲刺成绩。', 'https://www.chicagomarathon.com/', '2026-03-07T02:54:45.195803+00:00', '2026-03-07T02:54:45.195+00:00'),
  ('be4e78a3-3da6-4530-8f00-44350c24308d', '2026纽约城市马拉松', 'new-york-city-marathon-2026', '纽约', 'USA', '串联五大区的大型马拉松，路线跨越多座桥梁，群众声浪与街头乐队相伴。', 'https://www.tcsnycmarathon.org/', '2026-03-07T02:54:45.200215+00:00', '2026-03-07T02:54:45.199+00:00'),
  ('5f7ae5ab-bf47-46d2-bd73-ffcd829d0fec', '2026伦敦马拉松', 'london-marathon-2026', '伦敦', 'UK', '沿泰晤士河与皇家公园的慈善盛事路线，起点于泰晤士桥后进入绿茵皇家公园。', 'https://www.tcslondonmarathon.com/', '2026-03-07T02:54:45.184882+00:00', '2026-03-07T02:54:45.184+00:00'),
  ('315803d1-400d-411a-83fe-33e2dc822a5c', '2026悉尼马拉松', 'sydney-marathon-2026', '悉尼', 'Australia', '南半球新晋大满贯赛事，沿悉尼海港大桥与歌剧院展开，南半球春季氛围。', 'https://sydneymarathon.com/', '2026-05-02T14:54:41.330373+00:00', '2026-05-02T14:54:41.330373+00:00'),
  ('a4894f9a-2ef9-48a4-9df1-8fe0ef0b1e4a', '2026开普敦马拉松', 'cape-town-marathon-2026', '开普敦', 'South Africa', '世界大满贯候选赛事，开普敦城市赛道兼顾桌山与海岸景观。', 'https://capetownmarathon.com/', '2026-05-02T14:54:41.330373+00:00', '2026-05-02T14:54:41.330373+00:00'),
  ('a9ada4c6-fde7-46ac-bd43-01ab2faa7054', '2026北京马拉松', 'beijing-marathon-2026', '北京', 'China', '"国马"，从天安门起跑、终点奥林匹克公园，全国选拔气氛浓，门槛高。', 'http://www.beijing-marathon.com/', '2026-05-02T14:54:41.330373+00:00', '2026-05-02T14:54:41.330373+00:00'),
  ('1a615f72-9bf0-4edf-8832-3c1729f2ecc3', '2026上海马拉松', 'shanghai-marathon-2026', '上海', 'China', '世界田联白金标，沿外滩浦江景观，专业服务与城市美景兼具。', 'https://www.shang-ma.com/', '2026-05-02T14:54:41.330373+00:00', '2026-05-02T14:54:41.330373+00:00'),
  ('97c3b474-c114-440a-bc70-bd41cc2d1681', '2026广州马拉松', 'guangzhou-marathon-2026', '广州', 'China', '冬季暖意宜人的珠江赛道，国际跑者欢迎，城市规划成熟。', 'http://www.guangzhou-marathon.com/', '2026-05-02T14:54:41.330373+00:00', '2026-05-02T14:54:41.330373+00:00'),
  ('92b88ab7-4ded-4055-8d7a-48faa301aaa6', '2027厦门马拉松', 'xiamen-marathon-2027', '厦门', 'China', '世界田联金标，新年元月开跑、环岛海岸风光，老牌精品赛事。', 'https://www.xmim.org/', '2026-05-02T14:54:41.330373+00:00', '2026-05-02T14:54:41.330373+00:00'),
  ('acae8630-92a0-43c2-b730-3b2d6491a509', '2026杭州马拉松', 'hangzhou-marathon-2026', '杭州', 'China', '穿越西湖与钱塘江景观的全马，秋季桂花氛围与江南风情。', 'http://www.hzim.org/', '2026-05-02T14:54:41.330373+00:00', '2026-05-02T14:54:41.330373+00:00'),
  ('2ad11b4d-85cc-4aa9-aea7-d5752b7c191b', '2026深圳马拉松', 'shenzhen-marathon-2026', '深圳', 'China', '展示科创城市风貌与深圳湾海景，年末压轴赛事。', 'http://www.shenzhenmarathon.org.cn/', '2026-05-02T14:54:41.330373+00:00', '2026-05-02T14:54:41.330373+00:00'),
  ('d1bf67a6-2bd5-41d2-a92c-31e71fb5974a', '2027武汉马拉松', 'wuhan-marathon-2027', '武汉', 'China', '春季两江四岸赛道，观众热情著名，被誉为"最热情马拉松"。', 'http://www.wuhanmarathon.org/', '2026-05-02T14:54:41.330373+00:00', '2026-05-02T14:54:41.330373+00:00'),
  ('de118ae4-140f-485e-8ab6-72ca0d9b1306', '2026成都马拉松', 'chengdu-marathon-2026', '成都', 'China', '世界大满贯候选，结合熊猫基地与川味文化的金标赛事。', 'http://www.chengdumarathon.com/', '2026-05-02T14:54:41.330373+00:00', '2026-05-02T14:54:41.330373+00:00'),
  ('31e3b799-4f25-47af-bf29-2e945a7e8b4a', '2026南京马拉松', 'nanjing-marathon-2026', '南京', 'China', '途经中山陵、玄武湖等历史景点的金陵秋季马拉松。', 'http://www.nj-marathon.org/', '2026-05-02T14:54:41.330373+00:00', '2026-05-02T14:54:41.330373+00:00'),
  ('c54b56a0-4db1-4593-8f67-e2b2d4ac1a9f', '2027重庆马拉松', 'chongqing-marathon-2027', '重庆', 'China', '沿长江平坦赛道，被戏称为"火锅马拉松"。', 'http://www.cqmarathon.com/', '2026-05-02T14:54:41.330373+00:00', '2026-05-02T14:54:41.330373+00:00'),
  ('03f44d09-c1d7-4ffc-bcde-46988e5af1c2', '2026兰州马拉松', 'lanzhou-marathon-2026', '兰州', 'China', '夏季高原赛事，沿黄河风情线与中山桥地标。', 'http://www.lzmarathon.com/', '2026-05-02T14:54:41.330373+00:00', '2026-05-02T14:54:41.330373+00:00'),
  ('dc344e3a-4a04-4f75-a5c0-5c6119d59ffb', '2026太原马拉松', 'taiyuan-marathon-2026', '太原', 'China', '汾河两岸平坦赛道，秋季 PB 圣地。', 'http://www.tymarathon.cn/', '2026-05-02T14:54:41.330373+00:00', '2026-05-02T14:54:41.330373+00:00'),
  ('7a7733ae-ae37-4cba-bdf3-de797aa0f7e7', '2026衡水湖马拉松', 'hengshui-lake-marathon-2026', '衡水', 'China', '环衡水湖极平赛道，世界田联金标。', 'http://www.hengshuilake-marathon.com/', '2026-05-02T14:54:41.330373+00:00', '2026-05-02T14:54:41.330373+00:00'),
  ('56c61596-4adb-4482-9c4d-fda5564ef681', '2027东营黄河口马拉松', 'dongying-yellow-river-marathon-2027', '东营', 'China', '黄河入海口湿地赛道，世界田联金标，极平地形。', 'http://www.hhkmls.com/', '2026-05-02T14:54:41.330373+00:00', '2026-05-02T14:54:41.330373+00:00'),
  ('87fbfaea-1979-4b66-948e-645e955fbbe1', '2026西安马拉松', 'xian-marathon-2026', '西安', 'China', '途经古城墙与大唐不夜城的文化体验型马拉松。', 'https://xian.marathon.org.cn/', '2026-05-02T14:54:41.330373+00:00', '2026-05-02T14:54:41.330373+00:00'),
  ('54836691-0681-44dc-858c-a7b9ab17f176', '2027青岛马拉松', 'qingdao-marathon-2027', '青岛', 'China', '帆船之城海滨赛道，五月初春末初夏氛围。', 'http://www.qd-mls.com/', '2026-05-02T14:54:41.330373+00:00', '2026-05-02T14:54:41.330373+00:00'),
  ('67ee8be0-18c1-450e-a442-02de1b110d04', '2027无锡马拉松', 'wuxi-marathon-2027', '无锡', 'China', '"零差评"赛事，樱花季 PB 热门，太湖鼋头渚赛道。', 'https://wuxi.marathon.org.cn/', '2026-05-02T14:54:41.330373+00:00', '2026-05-02T14:54:41.330373+00:00'),
  ('0afb2118-c05e-4117-b8aa-db38eae87a72', '2027大连马拉松', 'dalian-marathon-2026', '大连', 'China', '中国最早的马拉松之一，海滨起伏赛道。', 'http://www.dlmls.org/', '2026-05-02T14:54:41.330373+00:00', '2026-05-02T14:54:41.330373+00:00'),
  ('90cf6b20-df88-4860-a548-8808df84933a', '2027宁波马拉松', 'ningbo-marathon-2026', '宁波', 'China', '展示东海港口文化与城市新貌的滨海赛事。', 'https://ningbomarathon.shuzixindong.com/', '2026-05-02T14:54:41.330373+00:00', '2026-05-02T14:54:41.330373+00:00'),
  ('bbded090-7626-4c3e-bdfc-30270bd2bb7b', '2027苏州马拉松', 'suzhou-marathon-2026', '苏州', 'China', '"东方威尼斯"古城中心赛道，水乡园林风情。', 'http://www.suzhou-marathon.com/', '2026-05-02T14:54:41.330373+00:00', '2026-05-02T14:54:41.330373+00:00')
ON CONFLICT ("canonical_name") DO UPDATE SET "name" = EXCLUDED."name", "city" = EXCLUDED."city", "country" = EXCLUDED."country", "description" = EXCLUDED."description", "website_url" = EXCLUDED."website_url", "updated_at" = NOW();

-- 3) marathon_editions
INSERT INTO marathon_editions ("id", "marathon_id", "year", "race_date", "registration_status", "registration_url", "registration_open_date", "registration_close_date", "publish_status", "published_at", "field_sources", "last_synced_at", "next_sync_at", "created_at", "updated_at") VALUES
  ('fca559fd-7440-46a5-b189-65e45b7b6a57', '530aea1b-8b8c-44a1-8ac3-2ad1ac124ed6', 2026, '2026-03-07', '报名中', NULL, '2026-01-15', '2026-02-09', 'published', '2026-03-07T02:54:45.123+00:00', NULL, NULL, NULL, '2026-03-07T02:54:45.124935+00:00', '2026-03-07T02:54:45.123+00:00'),
  ('dd3cd48b-f11c-436f-9bbc-35409dfdec1d', 'bf1b255b-ba40-48ac-b310-fda405d683e1', 2026, '2026-03-08', '报名中', NULL, '2026-01-10', '2026-02-09', 'published', '2026-03-07T02:54:45.131+00:00', NULL, NULL, NULL, '2026-03-07T02:54:45.131677+00:00', '2026-03-07T02:54:45.131+00:00'),
  ('81e2a349-0bb7-4826-a490-caf9d24b4b03', '5f97e369-e688-4b27-b6ee-138add748c67', 2026, '2026-03-15', '即将开始', NULL, '2026-01-20', '2026-01-26', 'published', '2026-03-07T02:54:45.137+00:00', NULL, NULL, NULL, '2026-03-07T02:54:45.138279+00:00', '2026-03-07T02:54:45.137+00:00'),
  ('ea7f9810-28a1-46cd-baf6-0380f65f7553', '02d260f3-4073-4243-aaef-01b6e237ca98', 2026, '2026-03-15', '已截止', NULL, '2026-01-01', '2026-02-23', 'published', '2026-03-07T02:54:45.142+00:00', NULL, NULL, NULL, '2026-03-07T02:54:45.143384+00:00', '2026-03-07T02:54:45.142+00:00'),
  ('aa6bc400-08d9-4540-9ddb-919a45e3e931', 'f626e003-b26f-4690-9489-8c8e6076e49f', 2026, '2026-03-15', '报名中', NULL, '2026-01-15', '2026-01-30', 'published', '2026-03-07T02:54:45.148+00:00', NULL, NULL, NULL, '2026-03-07T02:54:45.149129+00:00', '2026-03-07T02:54:45.148+00:00'),
  ('eff6f9a2-6755-4451-8504-1c7ffc24e59f', '3e28c296-7eca-4d63-a681-b5dad69e32e8', 2026, '2026-03-22', '报名中', NULL, '2026-01-20', '2026-02-28', 'published', '2026-03-07T02:54:45.154+00:00', NULL, NULL, NULL, '2026-03-07T02:54:45.154495+00:00', '2026-03-07T02:54:45.154+00:00'),
  ('a1051900-06a8-4f4a-ae57-e1f209b3dcff', '37a9f526-40a8-4542-b4cc-113af3a0e59d', 2026, '2026-03-22', '报名中', NULL, '2026-01-20', '2026-02-25', 'published', '2026-03-07T02:54:45.159+00:00', NULL, NULL, NULL, '2026-03-07T02:54:45.160234+00:00', '2026-03-07T02:54:45.159+00:00'),
  ('28173341-e948-47fa-ab11-73bcfcaf37fb', '03ad513a-639d-44b3-9828-bb6aa27c74eb', 2026, '2026-03-22', '即将开始', NULL, '2026-01-25', '2026-01-31', 'published', '2026-03-07T02:54:45.165+00:00', NULL, NULL, NULL, '2026-03-07T02:54:45.165829+00:00', '2026-03-07T02:54:45.165+00:00'),
  ('84476944-9753-4c6f-b2ce-bb166ffaa68d', '45c4f0e6-dbd7-4904-a874-7a5be4b5dfc5', 2026, '2026-03-01', '已截止', NULL, '2025-08-01', '2025-09-15', 'published', '2026-03-07T02:54:45.17+00:00', NULL, NULL, NULL, '2026-03-07T02:54:45.170991+00:00', '2026-03-07T02:54:45.17+00:00'),
  ('ab4d93d2-a60b-4911-b1d0-ae5d34069e22', 'bb8677ed-4c8d-4928-9762-fb5e8ecbb651', 2026, '2026-04-05', '报名中', NULL, '2025-10-01', '2026-03-01', 'published', '2026-03-07T02:54:45.176+00:00', NULL, NULL, NULL, '2026-03-07T02:54:45.176716+00:00', '2026-03-07T02:54:45.176+00:00'),
  ('0dda2401-8d58-44af-9cb3-3d264b0343f3', '4fbae442-11de-4e20-93e4-fd0fc5076d7d', 2026, '2026-04-20', '已截止', NULL, '2025-09-01', '2025-09-30', 'published', '2026-03-07T02:54:45.181+00:00', NULL, NULL, NULL, '2026-03-07T02:54:45.181737+00:00', '2026-03-07T02:54:45.181+00:00'),
  ('919bfcf5-7a37-477f-9699-0ee66c1280e6', '5f7ae5ab-bf47-46d2-bd73-ffcd829d0fec', 2026, '2026-04-26', '已截止', NULL, '2025-10-01', '2025-10-30', 'published', '2026-03-07T02:54:45.187+00:00', NULL, NULL, NULL, '2026-03-07T02:54:45.187512+00:00', '2026-03-07T02:54:45.187+00:00'),
  ('48a26029-7511-4337-9b8f-783ed6683f52', '31e3b799-4f25-47af-bf29-2e945a7e8b4a', 2026, '2026-11-15', '待公布', 'https://nanjing-registration.mararun.com/', NULL, NULL, 'published', '2026-05-02T14:54:41.330373+00:00', '{"raceDate":{"source":"web_search","updatedAt":"2026-05-02 15:45:57.107149+00"},"registrationUrl":{"source":"web_search","updatedAt":"2026-05-02 15:45:57.107149+00"},"registrationStatus":{"source":"web_search","updatedAt":"2026-05-02 15:45:57.107149+00"}}'::jsonb, NULL, NULL, '2026-05-02T14:54:41.330373+00:00', '2026-05-02T16:09:11.449049+00:00'),
  ('8b60e836-f2ff-46fb-9600-a4d7220d9ae7', '7a7733ae-ae37-4cba-bdf3-de797aa0f7e7', 2026, '2026-09-17', '待公布', NULL, NULL, NULL, 'published', '2026-05-02T14:54:41.330373+00:00', '{"raceDate":{"source":"web_search","updatedAt":"2026-05-02 15:45:57.107149+00"},"registrationUrl":{"source":"web_search","updatedAt":"2026-05-02 15:45:57.107149+00"},"registrationStatus":{"source":"web_search","updatedAt":"2026-05-02 15:45:57.107149+00"}}'::jsonb, NULL, NULL, '2026-05-02T14:54:41.330373+00:00', '2026-05-02T15:45:57.107149+00:00'),
  ('f9d9e674-213b-4752-b79f-9de519247679', '1a615f72-9bf0-4edf-8832-3c1729f2ecc3', 2026, '2026-12-06', '报名中', 'https://zuicool.com/event/64264', '2026-04-29', '2026-05-29', 'published', '2026-05-02T14:54:41.330373+00:00', '{"raceDate":{"source":"web_search","updatedAt":"2026-05-02 15:45:57.107149+00"},"registrationUrl":{"source":"web_search","updatedAt":"2026-05-02 15:45:57.107149+00"},"registrationStatus":{"source":"web_search","updatedAt":"2026-05-02 15:45:57.107149+00"}}'::jsonb, NULL, NULL, '2026-05-02T14:54:41.330373+00:00', '2026-05-02T15:54:06.538586+00:00'),
  ('d0dfec31-9e7c-4179-b2ff-1c5e069a853d', 'acae8630-92a0-43c2-b730-3b2d6491a509', 2026, '2026-11-01', '即将开始', 'https://zuicool.com/event/88174', NULL, NULL, 'published', '2026-05-02T14:54:41.330373+00:00', '{"raceDate":{"source":"web_search","updatedAt":"2026-05-02 15:45:57.107149+00"},"registrationUrl":{"source":"web_search","updatedAt":"2026-05-02 15:45:57.107149+00"},"registrationStatus":{"source":"web_search","updatedAt":"2026-05-02 15:45:57.107149+00"}}'::jsonb, NULL, NULL, '2026-05-02T14:54:41.330373+00:00', '2026-05-02T15:54:06.538586+00:00'),
  ('b9557c4f-468b-4355-a1a2-65f784bf5935', '2ad11b4d-85cc-4aa9-aea7-d5752b7c191b', 2026, '2026-12-06', '待公布', 'https://zuicool.com/event/79945', NULL, NULL, 'published', '2026-05-02T14:54:41.330373+00:00', '{"raceDate":{"source":"web_search","updatedAt":"2026-05-02 15:45:57.107149+00"},"registrationUrl":{"source":"web_search","updatedAt":"2026-05-02 15:45:57.107149+00"},"registrationStatus":{"source":"web_search","updatedAt":"2026-05-02 15:45:57.107149+00"}}'::jsonb, NULL, NULL, '2026-05-02T14:54:41.330373+00:00', '2026-05-02T15:54:06.538586+00:00'),
  ('fa9268c0-a4f1-4cde-82c1-58f54c490167', 'dc344e3a-4a04-4f75-a5c0-5c6119d59ffb', 2026, '2026-09-27', '即将开始', 'https://zuicool.com/event/21936', NULL, NULL, 'published', '2026-05-02T14:54:41.330373+00:00', '{"raceDate":{"source":"web_search","updatedAt":"2026-05-02 15:45:57.107149+00"},"registrationUrl":{"source":"web_search","updatedAt":"2026-05-02 15:45:57.107149+00"},"registrationStatus":{"source":"web_search","updatedAt":"2026-05-02 15:45:57.107149+00"}}'::jsonb, NULL, NULL, '2026-05-02T14:54:41.330373+00:00', '2026-05-02T15:54:06.538586+00:00'),
  ('1c7ca826-f10b-450f-817c-efef65b0db37', '03f44d09-c1d7-4ffc-bcde-46988e5af1c2', 2026, '2026-05-24', '已截止', 'https://zuicool.com/event/49082', '2026-02-26', '2026-03-04', 'published', '2026-05-02T14:54:41.330373+00:00', '{"raceDate":{"source":"web_search","updatedAt":"2026-05-02 15:45:57.107149+00"},"registrationUrl":{"source":"web_search","updatedAt":"2026-05-02 15:45:57.107149+00"},"registrationStatus":{"source":"web_search","updatedAt":"2026-05-02 15:45:57.107149+00"}}'::jsonb, NULL, NULL, '2026-05-02T14:54:41.330373+00:00', '2026-05-02T15:54:06.538586+00:00'),
  ('9d812f7f-cde5-4a8e-9283-9c37713c8f52', 'a9ada4c6-fde7-46ac-bd43-01ab2faa7054', 2026, '2026-11-01', '待公布', 'https://beijing-registration.mararun.com/', NULL, NULL, 'published', '2026-05-02T14:54:41.330373+00:00', '{"raceDate":{"source":"web_search","updatedAt":"2026-05-02 15:45:57.107149+00"},"registrationUrl":{"source":"web_search","updatedAt":"2026-05-02 15:45:57.107149+00"},"registrationStatus":{"source":"web_search","updatedAt":"2026-05-02 15:45:57.107149+00"}}'::jsonb, NULL, NULL, '2026-05-02T14:54:41.330373+00:00', '2026-05-02T16:09:11.449049+00:00'),
  ('91d7a7e4-6765-4dd9-9760-f12dbf562138', 'd1bf67a6-2bd5-41d2-a92c-31e71fb5974a', 2027, '2027-03-21', '待公布', 'https://wuhan-registration.mararun.com/', NULL, NULL, 'published', '2026-05-02T14:54:41.330373+00:00', '{"raceDate":{"source":"web_search","updatedAt":"2026-05-02 15:45:57.107149+00"},"registrationUrl":{"source":"web_search","updatedAt":"2026-05-02 15:45:57.107149+00"},"registrationStatus":{"source":"web_search","updatedAt":"2026-05-02 15:45:57.107149+00"}}'::jsonb, NULL, NULL, '2026-05-02T14:54:41.330373+00:00', '2026-05-02T16:09:11.449049+00:00'),
  ('9a8b71da-009a-4a50-9299-e29787dd12a2', '87fbfaea-1979-4b66-948e-645e955fbbe1', 2026, '2026-10-18', '待公布', 'https://xian.marathon.org.cn/', NULL, NULL, 'published', '2026-05-02T14:54:41.330373+00:00', '{"raceDate":{"source":"web_search","updatedAt":"2026-05-02 15:45:57.107149+00"},"registrationUrl":{"source":"web_search","updatedAt":"2026-05-02 15:45:57.107149+00"},"registrationStatus":{"source":"web_search","updatedAt":"2026-05-02 15:45:57.107149+00"}}'::jsonb, NULL, NULL, '2026-05-02T14:54:41.330373+00:00', '2026-05-02T15:45:57.107149+00:00'),
  ('6ba1d372-a1f1-4392-8443-e4001cb15b71', '92b88ab7-4ded-4055-8d7a-48faa301aaa6', 2027, '2027-01-10', '待公布', 'https://www.xmim.org/', NULL, NULL, 'published', '2026-05-02T14:54:41.330373+00:00', '{"raceDate":{"source":"web_search","updatedAt":"2026-05-02 15:45:57.107149+00"},"registrationUrl":{"source":"web_search","updatedAt":"2026-05-02 15:45:57.107149+00"},"registrationStatus":{"source":"web_search","updatedAt":"2026-05-02 15:45:57.107149+00"}}'::jsonb, NULL, NULL, '2026-05-02T14:54:41.330373+00:00', '2026-05-02T15:45:57.107149+00:00'),
  ('d522d9e4-cd66-4a7b-b0a4-0e0a356c79ca', 'c54b56a0-4db1-4593-8f67-e2b2d4ac1a9f', 2027, '2027-01-17', '待公布', 'https://www.cqmarathon.com/', NULL, NULL, 'published', '2026-05-02T14:54:41.330373+00:00', '{"raceDate":{"source":"web_search","updatedAt":"2026-05-02 15:45:57.107149+00"},"registrationUrl":{"source":"web_search","updatedAt":"2026-05-02 15:45:57.107149+00"},"registrationStatus":{"source":"web_search","updatedAt":"2026-05-02 15:45:57.107149+00"}}'::jsonb, NULL, NULL, '2026-05-02T14:54:41.330373+00:00', '2026-05-02T15:45:57.107149+00:00'),
  ('991df56f-b73b-478a-99eb-997eeb6bba98', '67ee8be0-18c1-450e-a442-02de1b110d04', 2027, '2027-03-21', '待公布', 'https://wuxi.marathon.org.cn/', NULL, NULL, 'published', '2026-05-02T14:54:41.330373+00:00', '{"raceDate":{"source":"web_search","updatedAt":"2026-05-02 15:45:57.107149+00"},"registrationUrl":{"source":"web_search","updatedAt":"2026-05-02 15:45:57.107149+00"},"registrationStatus":{"source":"web_search","updatedAt":"2026-05-02 15:45:57.107149+00"}}'::jsonb, NULL, NULL, '2026-05-02T14:54:41.330373+00:00', '2026-05-02T15:45:57.107149+00:00'),
  ('a1437f0e-cedf-42f1-a235-931dafd60159', '54836691-0681-44dc-858c-a7b9ab17f176', 2027, '2027-04-18', '待公布', 'http://www.qd-mls.com/', NULL, NULL, 'published', '2026-05-02T14:54:41.330373+00:00', '{"raceDate":{"source":"web_search","updatedAt":"2026-05-02 15:45:57.107149+00"},"registrationUrl":{"source":"web_search","updatedAt":"2026-05-02 15:45:57.107149+00"},"registrationStatus":{"source":"web_search","updatedAt":"2026-05-02 15:45:57.107149+00"}}'::jsonb, NULL, NULL, '2026-05-02T14:54:41.330373+00:00', '2026-05-02T15:45:57.107149+00:00'),
  ('c201e015-4635-4923-8d7c-f99834170d24', '0afb2118-c05e-4117-b8aa-db38eae87a72', 2027, '2027-04-25', '待公布', 'https://www.dlmls.org/', NULL, NULL, 'published', '2026-05-02T14:54:41.330373+00:00', '{"raceDate":{"source":"web_search","updatedAt":"2026-05-02 15:45:57.107149+00"},"registrationUrl":{"source":"web_search","updatedAt":"2026-05-02 15:45:57.107149+00"},"registrationStatus":{"source":"web_search","updatedAt":"2026-05-02 15:45:57.107149+00"}}'::jsonb, NULL, NULL, '2026-05-02T14:54:41.330373+00:00', '2026-05-02T15:45:57.107149+00:00'),
  ('7bcdaa1c-5412-43f1-9752-4f41abc1afcb', '90cf6b20-df88-4860-a548-8808df84933a', 2027, '2027-03-14', '待公布', 'https://ningbomarathon.shuzixindong.com/', NULL, NULL, 'published', '2026-05-02T14:54:41.330373+00:00', '{"raceDate":{"source":"web_search","updatedAt":"2026-05-02 15:45:57.107149+00"},"registrationUrl":{"source":"web_search","updatedAt":"2026-05-02 15:45:57.107149+00"},"registrationStatus":{"source":"web_search","updatedAt":"2026-05-02 15:45:57.107149+00"}}'::jsonb, NULL, NULL, '2026-05-02T14:54:41.330373+00:00', '2026-05-02T15:45:57.107149+00:00'),
  ('212c8789-91da-414e-9872-1724f379b063', 'bbded090-7626-4c3e-bdfc-30270bd2bb7b', 2027, '2027-03-07', '待公布', 'https://www.szmarathon.com/', NULL, NULL, 'published', '2026-05-02T14:54:41.330373+00:00', '{"raceDate":{"source":"web_search","updatedAt":"2026-05-02 15:45:57.107149+00"},"registrationUrl":{"source":"web_search","updatedAt":"2026-05-02 15:45:57.107149+00"},"registrationStatus":{"source":"web_search","updatedAt":"2026-05-02 15:45:57.107149+00"}}'::jsonb, NULL, NULL, '2026-05-02T14:54:41.330373+00:00', '2026-05-02T15:45:57.107149+00:00'),
  ('4ead5c7e-e6d5-4f14-a75a-60dcc6481cfc', '56c61596-4adb-4482-9c4d-fda5564ef681', 2027, '2027-10-17', '待公布', 'http://www.hhkmls.com/', NULL, NULL, 'published', '2026-05-02T14:54:41.330373+00:00', '{"raceDate":{"source":"web_search","updatedAt":"2026-05-02 15:45:57.107149+00"},"registrationUrl":{"source":"web_search","updatedAt":"2026-05-02 15:45:57.107149+00"},"registrationStatus":{"source":"web_search","updatedAt":"2026-05-02 15:45:57.107149+00"}}'::jsonb, NULL, NULL, '2026-05-02T14:54:41.330373+00:00', '2026-05-02T15:45:57.107149+00:00'),
  ('c382568c-e99d-4b39-8f78-66824174b087', '4fbae442-11de-4e20-93e4-fd0fc5076d7d', 2027, '2027-04-19', '待公布', 'https://www.baa.org/races/boston-marathon', NULL, NULL, 'published', '2026-05-02T14:54:41.330373+00:00', '{"raceDate":{"source":"web_search","updatedAt":"2026-05-02 15:45:57.107149+00"},"registrationUrl":{"source":"web_search","updatedAt":"2026-05-02 15:45:57.107149+00"},"registrationStatus":{"source":"web_search","updatedAt":"2026-05-02 15:45:57.107149+00"}}'::jsonb, NULL, NULL, '2026-05-02T14:54:41.330373+00:00', '2026-05-02T15:45:57.107149+00:00'),
  ('5e66d42b-a594-424b-988c-d54d03a89b3c', '5f7ae5ab-bf47-46d2-bd73-ffcd829d0fec', 2027, '2027-04-25', '已截止', 'https://www.tcslondonmarathon.com/', '2026-04-24', '2026-05-01', 'published', '2026-05-02T14:54:41.330373+00:00', '{"raceDate":{"source":"web_search","updatedAt":"2026-05-02 15:45:57.107149+00"},"registrationUrl":{"source":"web_search","updatedAt":"2026-05-02 15:45:57.107149+00"},"registrationStatus":{"source":"web_search","updatedAt":"2026-05-02 15:45:57.107149+00"}}'::jsonb, NULL, NULL, '2026-05-02T14:54:41.330373+00:00', '2026-05-02T15:45:57.107149+00:00'),
  ('cb2c8b86-e38e-405c-a215-6534a228505a', '45c4f0e6-dbd7-4904-a874-7a5be4b5dfc5', 2027, '2027-03-07', '待公布', 'https://www.marathon.tokyo/en/', '2026-08-01', NULL, 'published', '2026-05-02T14:54:41.330373+00:00', '{"raceDate":{"source":"web_search","updatedAt":"2026-05-02 15:45:57.107149+00"},"registrationUrl":{"source":"web_search","updatedAt":"2026-05-02 15:45:57.107149+00"},"registrationStatus":{"source":"web_search","updatedAt":"2026-05-02 15:45:57.107149+00"}}'::jsonb, NULL, NULL, '2026-05-02T14:54:41.330373+00:00', '2026-05-02T15:45:57.107149+00:00'),
  ('a04fb0be-5307-46d8-b22b-03db8af96c71', 'bb8677ed-4c8d-4928-9762-fb5e8ecbb651', 2027, '2027-04-11', '报名中', 'https://www.schneiderelectricparismarathon.com/en/registration', '2026-04-23', '2027-01-15', 'published', '2026-05-02T14:54:41.330373+00:00', '{"raceDate":{"source":"web_search","updatedAt":"2026-05-02 15:45:57.107149+00"},"registrationUrl":{"source":"web_search","updatedAt":"2026-05-02 15:45:57.107149+00"},"registrationStatus":{"source":"web_search","updatedAt":"2026-05-02 15:45:57.107149+00"}}'::jsonb, NULL, NULL, '2026-05-02T14:54:41.330373+00:00', '2026-05-02T15:45:57.107149+00:00'),
  ('30346c14-fef0-4c78-ac26-1b427a30b9b6', 'ad3e91c8-b48e-4fc3-9003-a8ff31be8c90', 2026, '2026-09-27', '已截止', 'https://www.bmw-berlin-marathon.com/en/registration/registration-information', '2025-09-25', '2025-11-06', 'published', '2026-03-07T02:54:45.192+00:00', '{"raceDate":{"source":"web_search","updatedAt":"2026-05-02 15:45:57.107149+00"},"registrationUrl":{"source":"web_search","updatedAt":"2026-05-02 15:45:57.107149+00"},"registrationStatus":{"source":"web_search","updatedAt":"2026-05-02 15:45:57.107149+00"}}'::jsonb, NULL, NULL, '2026-03-07T02:54:45.192583+00:00', '2026-05-02T15:45:57.107149+00:00'),
  ('d5cffd32-51aa-44b6-95ff-d8cf4c850b35', '15c99c8e-0be5-4059-b297-6e7a30a1f470', 2026, '2026-10-11', '已截止', 'https://www.chicagomarathon.com/runners/registration/', '2025-10-21', '2025-11-18', 'published', '2026-03-07T02:54:45.197+00:00', '{"raceDate":{"source":"web_search","updatedAt":"2026-05-02 15:45:57.107149+00"},"registrationUrl":{"source":"web_search","updatedAt":"2026-05-02 15:45:57.107149+00"},"registrationStatus":{"source":"web_search","updatedAt":"2026-05-02 15:45:57.107149+00"}}'::jsonb, NULL, NULL, '2026-03-07T02:54:45.197966+00:00', '2026-05-02T15:45:57.107149+00:00'),
  ('46a9d716-c33e-48da-b5cf-b9627fe77d22', 'be4e78a3-3da6-4530-8f00-44350c24308d', 2026, '2026-11-01', '待公布', 'https://www.tcsnycmarathon.org/runners/2026-tcs-new-york-city-marathon', '2026-02-01', '2026-04-30', 'published', '2026-03-07T02:54:45.201+00:00', '{"raceDate":{"source":"web_search","updatedAt":"2026-05-02 15:45:57.107149+00"},"registrationUrl":{"source":"web_search","updatedAt":"2026-05-02 15:45:57.107149+00"},"registrationStatus":{"source":"web_search","updatedAt":"2026-05-02 15:45:57.107149+00"}}'::jsonb, NULL, NULL, '2026-03-07T02:54:45.202297+00:00', '2026-05-02T15:45:57.107149+00:00'),
  ('085e9363-fcc1-4285-bdf5-44cece8e60cd', '315803d1-400d-411a-83fe-33e2dc822a5c', 2026, '2026-08-30', '待公布', 'https://sydneymarathon.com/', NULL, NULL, 'published', '2026-05-02T14:54:41.330373+00:00', '{"raceDate":{"source":"web_search","updatedAt":"2026-05-02 15:45:57.107149+00"},"registrationUrl":{"source":"web_search","updatedAt":"2026-05-02 15:45:57.107149+00"},"registrationStatus":{"source":"web_search","updatedAt":"2026-05-02 15:45:57.107149+00"}}'::jsonb, NULL, NULL, '2026-05-02T14:54:41.330373+00:00', '2026-05-02T15:45:57.107149+00:00'),
  ('37d6fbdf-36c1-44c7-9ac9-91dc635a7b3c', 'de118ae4-140f-485e-8ab6-72ca0d9b1306', 2026, '2026-10-25', '待公布', 'https://chengdu-marathon.mararun.com/', NULL, NULL, 'published', '2026-05-02T14:54:41.330373+00:00', '{"raceDate":{"source":"web_search","updatedAt":"2026-05-02 15:45:57.107149+00"},"registrationUrl":{"source":"web_search","updatedAt":"2026-05-02 15:45:57.107149+00"},"registrationStatus":{"source":"web_search","updatedAt":"2026-05-02 15:45:57.107149+00"}}'::jsonb, NULL, NULL, '2026-05-02T14:54:41.330373+00:00', '2026-05-02T15:54:06.538586+00:00'),
  ('3d249ff9-3479-4c73-9f60-9572fc9156ba', '97c3b474-c114-440a-bc70-bd41cc2d1681', 2026, '2026-12-13', '待公布', 'https://guangzhou-registration.mararun.com/', NULL, NULL, 'published', '2026-05-02T14:54:41.330373+00:00', '{"raceDate":{"source":"web_search","updatedAt":"2026-05-02 15:45:57.107149+00"},"registrationUrl":{"source":"web_search","updatedAt":"2026-05-02 15:45:57.107149+00"},"registrationStatus":{"source":"web_search","updatedAt":"2026-05-02 15:45:57.107149+00"}}'::jsonb, NULL, NULL, '2026-05-02T14:54:41.330373+00:00', '2026-05-02T16:09:11.449049+00:00'),
  ('31513033-868e-48c5-adfa-a0a2990e715a', 'a4894f9a-2ef9-48a4-9df1-8fe0ef0b1e4a', 2026, '2026-05-24', '报名中', 'https://capetownmarathon.com/international-entry/', NULL, NULL, 'published', '2026-05-02T14:54:41.330373+00:00', '{"raceDate":{"at":"2026-05-02 16:31:39.923135+00","url":"https://capetownmarathon.com/","source":"web_search"},"registrationUrl":{"at":"2026-05-02 16:31:39.923135+00","url":"https://capetownmarathon.com/international-entry/","source":"web_search"},"registrationStatus":{"at":"2026-05-02 16:31:39.923135+00","url":"https://capetownmarathon.com/marathon/","source":"web_search"}}'::jsonb, NULL, NULL, '2026-05-02T14:54:41.330373+00:00', '2026-05-02T16:31:39.923135+00:00')
ON CONFLICT ("marathon_id", "year") DO UPDATE SET "race_date" = EXCLUDED."race_date", "registration_status" = EXCLUDED."registration_status", "registration_url" = EXCLUDED."registration_url", "registration_open_date" = EXCLUDED."registration_open_date", "registration_close_date" = EXCLUDED."registration_close_date", "publish_status" = EXCLUDED."publish_status", "published_at" = EXCLUDED."published_at", "field_sources" = EXCLUDED."field_sources", "last_synced_at" = EXCLUDED."last_synced_at", "next_sync_at" = EXCLUDED."next_sync_at", "updated_at" = NOW();

-- 4) marathon_sources
INSERT INTO marathon_sources ("id", "marathon_id", "source_id", "source_url", "is_primary", "last_checked_at", "last_hash", "last_http_status", "last_error", "next_check_at", "created_at") VALUES
  ('fc193bc8-df39-484f-91a1-66f101cd7f29', '5f7ae5ab-bf47-46d2-bd73-ffcd829d0fec', '2a21f264-906d-4120-a053-23bc02cb761f', 'https://www.tcslondonmarathon.com/', TRUE, '2026-05-02T15:07:55.52+00:00', '3c4696a143214411c328d60703a09abb7ed9fb5c895c60fd523ba2fe826e6ddb', 200, NULL, NULL, '2026-03-07T02:54:45.270649+00:00'),
  ('33ffd6ec-48e4-426b-ab63-03bba529bdbc', '3e28c296-7eca-4d63-a681-b5dad69e32e8', '428d546a-0204-47b1-bc22-7a69750f2677', 'https://www.hzim.org', TRUE, '2026-05-02T14:44:12.276+00:00', NULL, NULL, NULL, NULL, '2026-03-07T02:54:45.260297+00:00'),
  ('459d86ff-0100-428d-8b91-64f78d8b10de', '5f97e369-e688-4b27-b6ee-138add748c67', '616e99c0-7ed3-4b9d-83c1-4866ebe2b512', 'https://www.wuhanmarathon.com', TRUE, '2026-05-02T14:44:12.276+00:00', NULL, NULL, NULL, NULL, '2026-03-07T02:54:45.25529+00:00'),
  ('61e1d977-aeeb-4941-8605-8122c06ad8a3', '315803d1-400d-411a-83fe-33e2dc822a5c', '2a21f264-906d-4120-a053-23bc02cb761f', 'https://sydneymarathon.com/', TRUE, NULL, NULL, NULL, NULL, NULL, '2026-05-02T14:54:41.330373+00:00'),
  ('b7a04b66-0750-47e2-a8fd-bd9093a10161', 'a4894f9a-2ef9-48a4-9df1-8fe0ef0b1e4a', '2a21f264-906d-4120-a053-23bc02cb761f', 'https://capetownmarathon.com/', TRUE, NULL, NULL, NULL, NULL, NULL, '2026-05-02T14:54:41.330373+00:00'),
  ('933de217-0f26-4ad1-8908-2c42a519a94e', 'a9ada4c6-fde7-46ac-bd43-01ab2faa7054', '2a21f264-906d-4120-a053-23bc02cb761f', 'http://www.beijing-marathon.com/', TRUE, NULL, NULL, NULL, NULL, NULL, '2026-05-02T14:54:41.330373+00:00'),
  ('fcdb641f-b14d-4c02-9d39-6ad743070f2f', '1a615f72-9bf0-4edf-8832-3c1729f2ecc3', '2a21f264-906d-4120-a053-23bc02cb761f', 'https://www.shang-ma.com/', TRUE, NULL, NULL, NULL, NULL, NULL, '2026-05-02T14:54:41.330373+00:00'),
  ('ee76e8df-143c-4396-99f6-e4715e3320bd', '97c3b474-c114-440a-bc70-bd41cc2d1681', '2a21f264-906d-4120-a053-23bc02cb761f', 'http://www.guangzhou-marathon.com/', TRUE, NULL, NULL, NULL, NULL, NULL, '2026-05-02T14:54:41.330373+00:00'),
  ('b2462dd5-1ac4-4c9a-805d-5e1907584f84', '92b88ab7-4ded-4055-8d7a-48faa301aaa6', '2a21f264-906d-4120-a053-23bc02cb761f', 'https://www.xmim.org/', TRUE, NULL, NULL, NULL, NULL, NULL, '2026-05-02T14:54:41.330373+00:00'),
  ('02d10ddb-9706-478c-8245-b0461150fb56', 'acae8630-92a0-43c2-b730-3b2d6491a509', '2a21f264-906d-4120-a053-23bc02cb761f', 'http://www.hzim.org/', TRUE, NULL, NULL, NULL, NULL, NULL, '2026-05-02T14:54:41.330373+00:00'),
  ('96312dc7-7116-47e6-b602-04f4c49df867', 'bf1b255b-ba40-48ac-b310-fda405d683e1', 'a7aecebb-9cb6-4c73-8b15-78cbc4333d2a', 'https://www.shang-ma.com', TRUE, '2026-05-02T14:44:12.276+00:00', NULL, NULL, NULL, NULL, '2026-03-07T02:54:45.252577+00:00'),
  ('79b5a54b-e06e-4b86-ba25-95f857614c58', '45c4f0e6-dbd7-4904-a874-7a5be4b5dfc5', '2a21f264-906d-4120-a053-23bc02cb761f', 'https://www.marathon.tokyo/en/', TRUE, '2026-05-02T15:07:54.6+00:00', '7a4e20921bb49a5c09638a5ea83e220be82be7d591c98bc98fc8b848ba813739', 200, NULL, NULL, '2026-03-07T02:54:45.263139+00:00'),
  ('4f07db13-3559-49a3-92e7-ade74a4c8aa1', '31e3b799-4f25-47af-bf29-2e945a7e8b4a', '2a21f264-906d-4120-a053-23bc02cb761f', 'http://www.nj-marathon.org/', TRUE, '2026-05-02T15:18:29.227+00:00', NULL, NULL, 'fetch failed', '2026-05-02T15:19:59.227+00:00', '2026-05-02T14:54:41.330373+00:00'),
  ('79e537c7-601a-49c8-a967-0b0d746158aa', 'bb8677ed-4c8d-4928-9762-fb5e8ecbb651', '2a21f264-906d-4120-a053-23bc02cb761f', 'https://www.schneiderelectricparismarathon.com/en/', TRUE, '2026-05-02T15:07:54.862+00:00', '5f981a302b2f0ddb2cf057b56bc178c68c31341d1d3962b493bb64ed0647878d', 200, NULL, NULL, '2026-03-07T02:54:45.265427+00:00'),
  ('6305e69c-23fa-47a1-9392-42a6ed9ecdc8', '15c99c8e-0be5-4059-b297-6e7a30a1f470', '2a21f264-906d-4120-a053-23bc02cb761f', 'https://www.chicagomarathon.com/', TRUE, '2026-05-02T15:07:56.962+00:00', '629604a319fd497dab91d282019f6ea3efd97c060471cfd9e97ea64ffa0a1cfa', 200, NULL, NULL, '2026-03-07T02:54:45.275229+00:00'),
  ('7d45c00d-4246-4a4b-8d8b-d8e27c7c9cfd', 'be4e78a3-3da6-4530-8f00-44350c24308d', '2a21f264-906d-4120-a053-23bc02cb761f', 'https://www.tcsnycmarathon.org/', TRUE, '2026-05-02T15:09:30.479+00:00', NULL, NULL, 'fetch failed', '2026-05-02T15:11:00.479+00:00', '2026-03-07T02:54:45.278149+00:00'),
  ('2ffb3cd7-04e0-40b1-aa8a-cf262c6823b8', 'dc344e3a-4a04-4f75-a5c0-5c6119d59ffb', '2a21f264-906d-4120-a053-23bc02cb761f', 'http://www.tymarathon.cn/', TRUE, '2026-05-02T15:11:12.371+00:00', NULL, NULL, 'fetch failed', '2026-05-02T15:12:42.371+00:00', '2026-05-02T14:54:41.330373+00:00'),
  ('799e3997-58ce-4a50-9d81-ef0c175aaea4', '87fbfaea-1979-4b66-948e-645e955fbbe1', '2a21f264-906d-4120-a053-23bc02cb761f', 'https://xian.marathon.org.cn/', TRUE, '2026-05-02T15:11:15.044+00:00', '6404a3d88d78b845e481df9607fe73d5a3d3aa0d39678cd659b80150dc01a3f8', 200, NULL, NULL, '2026-05-02T14:54:41.330373+00:00'),
  ('b950b7d1-9b7e-42e2-ab88-2c430fff231b', 'd1bf67a6-2bd5-41d2-a92c-31e71fb5974a', '2a21f264-906d-4120-a053-23bc02cb761f', 'http://www.wuhanmarathon.org/', TRUE, '2026-05-02T15:02:16.594+00:00', 'e9c93f2387e0c1b596298d891b82c5ce035ff1f1d78c0608c2c34920b7d25df4', 200, NULL, NULL, '2026-05-02T14:54:41.330373+00:00'),
  ('ce0ad4a1-15be-4359-85b8-4ced442ab9c8', 'de118ae4-140f-485e-8ab6-72ca0d9b1306', '2a21f264-906d-4120-a053-23bc02cb761f', 'http://www.chengdumarathon.com/', TRUE, '2026-05-02T15:02:16.88+00:00', '8b589b546fb864735f3b7f9bf0c93ab1e27269c7a30d84a7db87ffc6cc6b6615', 200, NULL, NULL, '2026-05-02T14:54:41.330373+00:00'),
  ('d635a5fa-6eba-45cc-9ec1-8fec5ed60c12', '4fbae442-11de-4e20-93e4-fd0fc5076d7d', '2a21f264-906d-4120-a053-23bc02cb761f', 'https://www.baa.org/races/boston-marathon', TRUE, '2026-05-02T15:07:55.003+00:00', '287da3896762b791b986f611a07ab4d4f86050b1bd84e7d553a9bc0a957452f5', 200, NULL, NULL, '2026-03-07T02:54:45.268341+00:00'),
  ('b0286aef-c09d-42aa-8244-4980c9eb14d2', 'ad3e91c8-b48e-4fc3-9003-a8ff31be8c90', '2a21f264-906d-4120-a053-23bc02cb761f', 'https://www.bmw-berlin-marathon.com/en/', TRUE, '2026-05-02T15:07:56.754+00:00', '9780d32a0d191067a9d0bc97f90818907008cbda18ee70b83fe8a2e3ce566859', 200, NULL, NULL, '2026-03-07T02:54:45.272873+00:00'),
  ('ac1e8fb3-06ba-452b-83c9-b5fa89e928cd', 'c54b56a0-4db1-4593-8f67-e2b2d4ac1a9f', '2a21f264-906d-4120-a053-23bc02cb761f', 'http://www.cqmarathon.com/', TRUE, '2026-05-02T15:04:59.388+00:00', NULL, NULL, 'fetch failed', '2026-05-02T15:05:59.388+00:00', '2026-05-02T14:54:41.330373+00:00'),
  ('4690e876-4b3a-4814-b748-d942d5d2df1b', '02d260f3-4073-4243-aaef-01b6e237ca98', '2a21f264-906d-4120-a053-23bc02cb761f', 'http://qujing-marathon.example.com', TRUE, '2026-05-02T15:07:54.015+00:00', NULL, NULL, '赛事已完赛（2026-03-15），已停止自动更新', NULL, '2026-03-07T02:54:45.258046+00:00'),
  ('b398497d-3466-4f3a-9646-2ef9e9afd758', '03f44d09-c1d7-4ffc-bcde-46988e5af1c2', '2a21f264-906d-4120-a053-23bc02cb761f', 'http://www.lzmarathon.com/', TRUE, '2026-05-02T15:09:32.848+00:00', 'ce905a85a833381f7e5c48f7b8b9039567386eddce57d49e62ae2340fbba4bbd', 200, NULL, NULL, '2026-05-02T14:54:41.330373+00:00'),
  ('046c9f47-5231-49a2-b075-47153d4165ae', '0afb2118-c05e-4117-b8aa-db38eae87a72', '2a21f264-906d-4120-a053-23bc02cb761f', 'http://www.dlmls.org/', TRUE, '2026-05-02T15:11:17.945+00:00', 'e7e843b2896eacfafdd4d32bcc8877fc900d397f9ffa4f5fa08e58e0a61146f8', 200, NULL, NULL, '2026-05-02T14:54:41.330373+00:00'),
  ('fb6ceed9-57d6-41e4-b7ec-1bb76f3d434c', '7a7733ae-ae37-4cba-bdf3-de797aa0f7e7', '2a21f264-906d-4120-a053-23bc02cb761f', 'http://www.hengshuilake-marathon.com/', TRUE, '2026-05-02T15:16:22.662+00:00', NULL, NULL, 'fetch failed', '2026-05-02T15:17:52.662+00:00', '2026-05-02T14:54:41.330373+00:00'),
  ('33387e69-2f51-4c28-bc77-c1a2a1362f64', 'bbded090-7626-4c3e-bdfc-30270bd2bb7b', '2a21f264-906d-4120-a053-23bc02cb761f', 'http://www.suzhou-marathon.com/', TRUE, '2026-05-02T15:14:51.525+00:00', '794ee544931f8f4babae877f06a9679f4f6a52cea6c35cd939facaf16a4bd986', 200, NULL, NULL, '2026-05-02T14:54:41.330373+00:00'),
  ('1ca593ac-1230-4c29-91ce-c9afa632c6ab', '2ad11b4d-85cc-4aa9-aea7-d5752b7c191b', '2a21f264-906d-4120-a053-23bc02cb761f', 'http://www.shenzhenmarathon.org.cn/', TRUE, '2026-05-02T15:18:29.682+00:00', NULL, NULL, 'fetch failed', '2026-05-02T15:18:59.682+00:00', '2026-05-02T14:54:41.330373+00:00'),
  ('b75a65ee-8d5a-4a59-a31c-f007f04b6a86', '56c61596-4adb-4482-9c4d-fda5564ef681', '2a21f264-906d-4120-a053-23bc02cb761f', 'http://www.hhkmls.com/', TRUE, '2026-05-02T15:16:27.807+00:00', '26fbd66ed2ddc7242191d779a5fc451e8242457d10063283e1aec60b266754ad', 200, NULL, NULL, '2026-05-02T14:54:41.330373+00:00'),
  ('16d421ee-9b74-4ff8-aac7-5359955639f1', '54836691-0681-44dc-858c-a7b9ab17f176', '2a21f264-906d-4120-a053-23bc02cb761f', 'http://www.qd-mls.com/', TRUE, '2026-05-02T15:13:19.076+00:00', NULL, NULL, 'fetch failed', '2026-05-02T15:14:49.076+00:00', '2026-05-02T14:54:41.330373+00:00'),
  ('4bc1a252-17a0-4537-9636-557ee1788a96', '67ee8be0-18c1-450e-a442-02de1b110d04', '2a21f264-906d-4120-a053-23bc02cb761f', 'https://wuxi.marathon.org.cn/', TRUE, '2026-05-02T15:14:52.592+00:00', 'e04eef520e408352c772fa221c26377227be7491cf3e6033b3f00ed1c7c493c0', 200, NULL, NULL, '2026-05-02T14:54:41.330373+00:00'),
  ('1ee3f17a-9202-4aa4-81a3-1c434527a6b9', '90cf6b20-df88-4860-a548-8808df84933a', '2a21f264-906d-4120-a053-23bc02cb761f', 'https://ningbomarathon.shuzixindong.com/', TRUE, '2026-05-02T15:14:49.472+00:00', NULL, NULL, 'fetch failed', '2026-05-02T15:16:19.472+00:00', '2026-05-02T14:54:41.330373+00:00'),
  ('13e675ae-6e3f-41b9-97bd-214f3f40f03d', '1a615f72-9bf0-4edf-8832-3c1729f2ecc3', '575c8df8-ef99-4ece-9aa2-cba243352478', 'https://zuicool.com/event/64264', FALSE, NULL, NULL, NULL, NULL, NULL, '2026-05-02T15:54:06.538586+00:00'),
  ('ba9f5335-9a1c-4cd4-b3a3-5490039ee11a', '97c3b474-c114-440a-bc70-bd41cc2d1681', '575c8df8-ef99-4ece-9aa2-cba243352478', 'https://zuicool.com/event/16059', FALSE, NULL, NULL, NULL, NULL, NULL, '2026-05-02T15:54:06.538586+00:00'),
  ('6e446255-c68d-489c-ab82-a29b13f17b07', 'acae8630-92a0-43c2-b730-3b2d6491a509', '575c8df8-ef99-4ece-9aa2-cba243352478', 'https://zuicool.com/event/88174', FALSE, NULL, NULL, NULL, NULL, NULL, '2026-05-02T15:54:06.538586+00:00'),
  ('8d7b0ee1-77cc-4824-8afa-f554b0d11e42', '2ad11b4d-85cc-4aa9-aea7-d5752b7c191b', '575c8df8-ef99-4ece-9aa2-cba243352478', 'https://zuicool.com/event/79945', FALSE, NULL, NULL, NULL, NULL, NULL, '2026-05-02T15:54:06.538586+00:00'),
  ('0965e831-922f-42b3-8976-1ca87cf246e0', '03f44d09-c1d7-4ffc-bcde-46988e5af1c2', '575c8df8-ef99-4ece-9aa2-cba243352478', 'https://zuicool.com/event/49082', FALSE, NULL, NULL, NULL, NULL, NULL, '2026-05-02T15:54:06.538586+00:00'),
  ('a92ac31d-75bf-4d51-a268-1a37d2b82149', 'dc344e3a-4a04-4f75-a5c0-5c6119d59ffb', '575c8df8-ef99-4ece-9aa2-cba243352478', 'https://zuicool.com/event/21936', FALSE, NULL, NULL, NULL, NULL, NULL, '2026-05-02T15:54:06.538586+00:00'),
  ('c6767a91-5867-4b7e-82d2-b5e928a206d3', '2ad11b4d-85cc-4aa9-aea7-d5752b7c191b', 'be031596-9f8b-4a79-a632-f990bedf4d36', 'https://shenzhen-registration.mararun.com/', FALSE, NULL, NULL, NULL, NULL, NULL, '2026-05-02T15:54:06.538586+00:00'),
  ('54e0d35e-68ee-4566-90f4-09835d113f3c', 'de118ae4-140f-485e-8ab6-72ca0d9b1306', 'be031596-9f8b-4a79-a632-f990bedf4d36', 'https://chengdu-marathon.mararun.com/', FALSE, NULL, NULL, NULL, NULL, NULL, '2026-05-02T15:54:06.538586+00:00'),
  ('362afbac-5c5d-4d39-8b6d-d5f32c03df6f', 'a9ada4c6-fde7-46ac-bd43-01ab2faa7054', 'be031596-9f8b-4a79-a632-f990bedf4d36', 'https://beijing-registration.mararun.com/', FALSE, NULL, NULL, NULL, NULL, NULL, '2026-05-02T16:09:11.449049+00:00'),
  ('976cd549-ed41-4806-983a-f196587c71b7', '97c3b474-c114-440a-bc70-bd41cc2d1681', 'be031596-9f8b-4a79-a632-f990bedf4d36', 'https://guangzhou-registration.mararun.com/', FALSE, NULL, NULL, NULL, NULL, NULL, '2026-05-02T16:09:11.449049+00:00'),
  ('537e9cb7-b337-487d-baca-2b7c297f1c55', 'd1bf67a6-2bd5-41d2-a92c-31e71fb5974a', 'be031596-9f8b-4a79-a632-f990bedf4d36', 'https://wuhan-registration.mararun.com/', FALSE, NULL, NULL, NULL, NULL, NULL, '2026-05-02T16:09:11.449049+00:00'),
  ('4a3b6040-0838-480a-a5a4-424d811ad27a', '31e3b799-4f25-47af-bf29-2e945a7e8b4a', 'be031596-9f8b-4a79-a632-f990bedf4d36', 'https://nanjing-registration.mararun.com/', FALSE, NULL, NULL, NULL, NULL, NULL, '2026-05-02T16:09:11.449049+00:00')
ON CONFLICT ("marathon_id", "source_id") DO UPDATE SET "source_url" = EXCLUDED."source_url", "is_primary" = EXCLUDED."is_primary", "last_checked_at" = EXCLUDED."last_checked_at", "last_hash" = EXCLUDED."last_hash", "last_http_status" = EXCLUDED."last_http_status", "last_error" = EXCLUDED."last_error", "next_check_at" = EXCLUDED."next_check_at", "updated_at" = NOW();

-- 5) 校验
SELECT 'sources' AS t, COUNT(*) AS n FROM sources
  UNION ALL SELECT 'marathons', COUNT(*) FROM marathons
  UNION ALL SELECT 'marathon_editions', COUNT(*) FROM marathon_editions
  UNION ALL SELECT 'marathon_sources', COUNT(*) FROM marathon_sources;

COMMIT;
